name,code,rho,nu,temp,alp,ymod,sh
A53A,B31.1,0.2830,0.3,"-325,-200,-100,-50,70,100,200,300,400,500,600,650,700,750,800,850,900,950,1000,1050,1100","0.000005,0.00000535,0.0000055,0.0000058,0.00000607,0.00000613,0.00000638,0.0000066,0.00000682,0.00000702,0.00000723,0.00000733,0.00000744,0.00000754,0.00000765,0.00000775,0.00000784,0.00000791,0.00000797,0.00000805,0.00000812","30000000,29500000,29000000,,27900000,,27700000,274000000,27000000,26400000,25700000,,24800000,,23400000,,18500000,,15400000,,13000000","12000,12000,12000,12000,12000,12000,12000,12000,12000,12000,12000,12000,11650,10700,9000,9000,9000,9000,9000,9000,9000"
